vif,A3G-EGFP,EGFP-A3D,EGFP-A3H2,EGFP
WT,8660.665039,14604.37793,47898.94922,147663.0926
W89R,30404.16211,30401.82617,59689.89844,144345.0451
A149Y,35896.87109,26553.65039,61577.90234,130161.7384
F39A,5144.611328,12374.41113,67218.88281,97898.71875
H43E,33255.75391,6638.130859,53620.87109,99812.3125
G84K,32878.46484,29914.71875,47337.90625,136032.3429
W11A,27660.66211,32399.37695,73127.77344,130786.6216
STOP,28002.32617,25410.1582,66544.76563,112716.6629