vif,A3G-EGFP,EGFP-A3D,EGFP-A3H2,EGFP,
WT,6050.535645,10628.75977,55530.14063,56841.85547,
W89R,21659.5293,16219.77637,72248.76563,53486.51563,
A149Y,21093.15234,19018.26953,71917.54688,47505.09375,
STOP,21860.67188,19404.92188,76273.52344,41554.17578,
F39A,4596.138184,7320.175781,68853.32813,42665.92578,
H43E,22343.08008,6441.816895,61730.96094,67290.21094,
G84K,16736.85352,14899.98438,72240.99219,52472.07813,
W11A,16069.01856,14099.00684,57468.12891,50245.09375,
,,,,,
,,,,,
,,,,,
,,,,,
,,,,,
,,,,,
,,,,,
,,,,,
,,,,,
,,,,,
,,,,,
,,,,,