vif,apobec,green_mfi
WT,A3G-EGFP,14814.39258
A149Y,A3G-EGFP,43169.75
F39A,A3G-EGFP,10502.26953
H43E,A3G-EGFP,41164.82422
W11A,A3G-EGFP,35388.33203
STOP,A3G-EGFP,36679.75391
WT,EGFP-A3F,27967.26758
A149Y,EGFP-A3F,28414.42578
F39A,EGFP-A3F,24781.8418
H43E,EGFP-A3F,27422.28711
W11A,EGFP-A3F,48313.83984
STOP,EGFP-A3F,30191.66211
WT,EGFP-A3D,16538.14453
A149Y,EGFP-A3D,34484.53516
F39A,EGFP-A3D,15162.80176
H43E,EGFP-A3D,15899.85352
W11A,EGFP-A3D,28095.73242
STOP,EGFP-A3D,33597.21484
WT,EGFP-A3H2,28221.6875
A149Y,EGFP-A3H2,84021.38281
F39A,EGFP-A3H2,73523.46875
H43E,EGFP-A3H2,54999.93359
W11A,EGFP-A3H2,98326.05469
STOP,EGFP-A3H2,94032.20313
WT,EGFP_only,206920.5046
A149Y,EGFP_only,175006.1989
F39A,EGFP_only,179804.8019
H43E,EGFP_only,181920.8336
W11A,EGFP_only,188055.8109
STOP,EGFP_only,163828.4588