vif,A3G-EGFP,EGFP-A3F,EGFP-A3D,EGFP-A3H2,EGFP
WT,14814.39258,27967.26758,16538.14453,28221.6875,206920.5046
A149Y,43169.75,28414.42578,34484.53516,84021.38281,175006.1989
F39A,10502.26953,24781.8418,15162.80176,73523.46875,179804.8019
H43E,41164.82422,27422.28711,15899.85352,54999.93359,181920.8336
W11A,35388.33203,48313.83984,28095.73242,98326.05469,188055.8109
STOP,36679.75391,30191.66211,33597.21484,94032.20313,163828.4588