replicate,sample,plasmid,result,reads,fraction
1,Flanked,G718A,1B,269508,0.827419786
1,Flanked,G718A,1A,56213,0.172580214
1,Control,G747A,1B,3853,0.011441077
1,Control,G747A,1A,332916,0.988558923
1,Flanked,G718A,2B,245628,0.789620376
1,Flanked,G718A,2A,65443,0.210379624
1,Control,G747A,2A,289842,1
2,Flanked,G718A,1B,479138,0.991345296
2,Flanked,G718A,1A,4183,0.008654704
2,Control,G747A,1B,6398,0.020125889
2,Control,G747A,1A,311501,0.979874111
2,Flanked,G718A,2B,309280,0.927184481
2,Flanked,G718A,2A,24289,0.072815519
2,Control,G747A,2A,319535,1
3,Flanked,G718A,1B,532639,0.961218417
3,Flanked,G718A,1A,21490,0.038781583
3,Control,G747A,1B,5911,0.017088013
3,Control,G747A,1A,340004,0.982911987
3,Flanked,G718A,2B,412017,0.991519489
3,Flanked,G718A,2A,3524,0.008480511
3,Control,G747A,2A,373324,1