replicate,sample,plasmid,result,reads,fraction
1,Flanked,G718A,1B,269508,0.827419786
1,Flanked,G718A,1A,56213,0.172580214
1,Control,G747A,1B,3853,0.011441077
1,Control,G747A,1A,332916,0.988558923
1,Flanked,G718A,2B,245628,0.789620376
1,Flanked,G718A,2A,65443,0.210379624
1,Control,G747A,2A,289842,1